Symbol,Company Name,Security Price,Required IV (%),Strike Price,Put Price,Contracts,Covered Amount,Monthly Income,Annualized Return (%),Delta
NVDA,NVIDIA Corporation,164.28259,76.15,37.01,1.23,8,29608.88,986.96,40.0,-0.2086
MSFT,Microsoft Corp,503.1494,76.15,37.01,1.23,8,29608.88,986.96,40.0,-0.2086
AAPL,Apple Inc,208.71,76.15,37.01,1.23,8,29608.88,986.96,40.0,-0.2086
AMZN,Amazon.com Inc,225.2917,76.15,37.01,1.23,8,29608.88,986.96,40.0,-0.2086
META,Meta Platforms Inc,720.2499,76.15,37.01,1.23,8,29608.88,986.96,40.0,-0.2086
AVGO,Broadcom Inc,275.4,76.15,37.01,1.23,8,29608.88,986.96,40.0,-0.2086
GOOGL,Alphabet Inc,181.68,76.15,37.01,1.23,8,29608.88,986.96,40.0,-0.2086
TSM,Taiwan Semiconductor Manufacturing Co Ltd,228.925,76.15,37.01,1.23,8,29608.88,986.96,40.0,-0.2086
TSLA,Tesla Inc,316.47,76.15,37.01,1.23,8,29608.88,986.96,40.0,-0.2086
GOOG,Alphabet Inc,182.85,76.15,37.01,1.23,8,29608.88,986.96,40.0,-0.2086
JPM,JPMorgan Chase & Co,288.5,76.15,37.01,1.23,8,29608.88,986.96,40.0,-0.2086
WMT,Walmart Inc,95.69,76.15,37.01,1.23,8,29608.88,986.96,40.0,-0.2086
LLY,Eli Lilly and Co,798.314,76.15,37.01,1.23,8,29608.88,986.96,40.0,-0.2086
V,Visa Inc,350.9822,76.15,37.01,1.23,8,29608.88,986.96,40.0,-0.2086
ORCL,Oracle Corp,229.3355,76.15,37.01,1.23,8,29608.88,986.96,40.0,-0.2086
BRK/B,Berkshire Hathaway Inc,476.825,76.15,37.01,1.23,8,29608.88,986.96,40.0,-0.2086
NFLX,Netflix Inc,1262.46,76.15,37.01,1.23,8,29608.88,986.96,40.0,-0.2086
MA,Mastercard Inc,553.6217,76.15,37.01,1.23,8,29608.88,986.96,40.0,-0.2086
XOM,Exxon Mobil Corp,113.8,76.15,37.01,1.23,8,29608.88,986.96,40.0,-0.2086
COST,Costco Wholesale Corp,979.15,76.15,37.01,1.23,8,29608.88,986.96,40.0,-0.2086
BRK/A,Berkshire Hathaway Inc,715602.7813,76.15,37.01,1.23,8,29608.88,986.96,40.0,-0.2086
JNJ,Johnson & Johnson,156.655,76.15,37.01,1.23,8,29608.88,986.96,40.0,-0.2086
PG,Procter & Gamble Co (The),153.9783,76.15,37.01,1.23,8,29608.88,986.96,40.0,-0.2086
HD,Home Depot Inc. (The),369.775,76.15,37.01,1.23,8,29608.88,986.96,40.0,-0.2086
BAC,Bank of America Corp,46.9817,76.15,37.01,1.23,8,29608.88,986.96,40.0,-0.2086
SAP,SAP SE,301.02,76.15,37.01,1.23,8,29608.88,986.96,40.0,-0.2086
ABBV,AbbVie Inc,191.705,76.15,37.01,1.23,8,29608.88,986.96,40.0,-0.2086
PLTR,Palantir Technologies Inc,149.39,76.15,37.01,1.23,8,29608.88,986.96,40.0,-0.2086
ASML,ASML Holding NV,805.49,76.15,37.01,1.23,8,29608.88,986.96,40.0,-0.2086
KO,Coca-Cola Co (The),69.385,76.15,37.01,1.23,8,29608.88,986.96,40.0,-0.2086
PM,Philip Morris International Inc,180.5,76.15,37.01,1.23,8,29608.88,986.96,40.0,-0.2086
UNH,UnitedHealth Group Incorporated,299.92,76.15,37.01,1.23,8,29608.88,986.96,40.0,-0.2086
GE,GE Aerospace,261.81,76.15,37.01,1.23,8,29608.88,986.96,40.0,-0.2086
CVX,Chevron Corp,151.43,76.15,37.01,1.23,8,29608.88,986.96,40.0,-0.2086
CSCO,Cisco Systems Inc,67.645,76.15,37.01,1.23,8,29608.88,986.96,40.0,-0.2086
WFC,Wells Fargo & Co,83.3883,76.15,37.01,1.23,8,29608.88,986.96,40.0,-0.2086
IBM,International Business Machines Corp,283.725,76.15,37.01,1.23,8,29608.88,986.96,40.0,-0.2086
TMUS,T-Mobile US Inc,228.205,76.15,37.01,1.23,8,29608.88,986.96,40.0,-0.2086
BABA,Alibaba Group Holding Ltd,108.215,76.15,37.01,1.23,8,29608.88,986.96,40.0,-0.2086
CRM,SALESFORCE INC,259.49,76.15,37.01,1.23,8,29608.88,986.96,40.0,-0.2086
AMD,Advanced Micro Devices Inc,146.3101,76.15,37.01,1.23,8,29608.88,986.96,40.0,-0.2086
NVS,Novartis AG,121.0347,76.15,37.01,1.23,8,29608.88,986.96,40.0,-0.2086
NVO,Novo Nordisk A/S,68.805,76.15,37.01,1.23,8,29608.88,986.96,40.0,-0.2086
ABT,Abbott Laboratories,132.49,76.15,37.01,1.23,8,29608.88,986.96,40.0,-0.2086
MS,Morgan Stanley,143.64,76.15,37.01,1.23,8,29608.88,986.96,40.0,-0.2086
AXP,American Express Co,320.57,76.15,37.01,1.23,8,29608.88,986.96,40.0,-0.2086
TM,Toyota Motor Corp,171.8414,76.15,37.01,1.23,8,29608.88,986.96,40.0,-0.2086
LIN,Linde Plc,468.41,76.15,37.01,1.23,8,29608.88,986.96,40.0,-0.2086
AZN,Astrazeneca PLC,71.825,76.15,37.01,1.23,8,29608.88,986.96,40.0,-0.2086
GS,Goldman Sachs Group Inc (The),711.7,76.15,37.01,1.23,8,29608.88,986.96,40.0,-0.2086
DIS,Walt Disney Co (The),120.0635,76.15,37.01,1.23,8,29608.88,986.96,40.0,-0.2086
HSBC,HSBC Holdings PLC,62.48,76.15,37.01,1.23,8,29608.88,986.96,40.0,-0.2086
MCD,McDonald's Corp,301.82,76.15,37.01,1.23,8,29608.88,986.96,40.0,-0.2086
SHEL,Shell Plc,71.2383,76.15,37.01,1.23,8,29608.88,986.96,40.0,-0.2086
MRK,Merck & Co Inc,83.7,76.15,37.01,1.23,8,29608.88,986.96,40.0,-0.2086
INTU,Intuit Inc.,753.3497,76.15,37.01,1.23,8,29608.88,986.96,40.0,-0.2086
TXN,Texas Instruments Inc,219.7047,76.15,37.01,1.23,8,29608.88,986.96,40.0,-0.2086
UBER,Uber Technologies Inc,93.675,76.15,37.01,1.23,8,29608.88,986.96,40.0,-0.2086
BX,Blackstone Inc,163.21,76.15,37.01,1.23,8,29608.88,986.96,40.0,-0.2086
RTX,RTX Corp,149.43,76.15,37.01,1.23,8,29608.88,986.96,40.0,-0.2086
NOW,ServiceNow Inc,959.18,76.15,37.01,1.23,8,29608.88,986.96,40.0,-0.2086
HDB,HDFC Bank Limited,75.22,76.15,37.01,1.23,8,29608.88,986.96,40.0,-0.2086
T,AT&T Inc,27.125,76.15,37.01,1.23,8,29608.88,986.96,40.0,-0.2086
CAT,Caterpillar Inc,406.24,76.15,37.01,1.23,8,29608.88,986.96,40.0,-0.2086
BKNG,Booking Holdings Inc,5740.15,76.15,37.01,1.23,8,29608.88,986.96,40.0,-0.2086
RY,Royal Bank of Canada,131.76,76.15,37.01,1.23,8,29608.88,986.96,40.0,-0.2086
PEP,PepsiCo Inc,135.47,76.15,37.01,1.23,8,29608.88,986.96,40.0,-0.2086
ISRG,Intuitive Surgical Inc,517.475,76.15,37.01,1.23,8,29608.88,986.96,40.0,-0.2086
BLK,BlackRock Inc,1107.775,76.15,37.01,1.23,8,29608.88,986.96,40.0,-0.2086
VZ,Verizon Communications Inc,41.625,76.15,37.01,1.23,8,29608.88,986.96,40.0,-0.2086
ACN,Accenture PLC,279.195,76.15,37.01,1.23,8,29608.88,986.96,40.0,-0.2086
BA,Boeing Co,230.94,76.15,37.01,1.23,8,29608.88,986.96,40.0,-0.2086
QCOM,QUALCOMM Inc.,154.2229,76.15,37.01,1.23,8,29608.88,986.96,40.0,-0.2086
SCHW,Schwab (Charles) Corp,92.59,76.15,37.01,1.23,8,29608.88,986.96,40.0,-0.2086
TMO,Thermo Fisher Scientific Inc,425.385,76.15,37.01,1.23,8,29608.88,986.96,40.0,-0.2086
C,Citigroup Inc,87.2983,76.15,37.01,1.23,8,29608.88,986.96,40.0,-0.2086
SPGI,S&P Global Inc,530.09,76.15,37.01,1.23,8,29608.88,986.96,40.0,-0.2086
AMAT,Applied Materials Inc,196.725,76.15,37.01,1.23,8,29608.88,986.96,40.0,-0.2086
AMGN,Amgen Inc,296.12,76.15,37.01,1.23,8,29608.88,986.96,40.0,-0.2086
MUFG,Mitsubishi UFJ Financial Group Inc,13.6383,76.15,37.01,1.23,8,29608.88,986.96,40.0,-0.2086
ARM,Arm Holdings plc,144.5,76.15,37.01,1.23,8,29608.88,986.96,40.0,-0.2086
ADBE,Adobe Inc,366.82,76.15,37.01,1.23,8,29608.88,986.96,40.0,-0.2086
NEE,NextEra Energy Inc,75.07,76.15,37.01,1.23,8,29608.88,986.96,40.0,-0.2086
BSX,Boston Scientific Corp,104.38,76.15,37.01,1.23,8,29608.88,986.96,40.0,-0.2086
HON,Honeywell International Inc,238.59,76.15,37.01,1.23,8,29608.88,986.96,40.0,-0.2086
UL,Unilever PLC,61.005,76.15,37.01,1.23,8,29608.88,986.96,40.0,-0.2086
PDD,PDD Holdings Inc,102.33,76.15,37.01,1.23,8,29608.88,986.96,40.0,-0.2086
SYK,Stryker Corp,391.49,76.15,37.01,1.23,8,29608.88,986.96,40.0,-0.2086
GEV,GE Vernova Inc,554.2401,76.15,37.01,1.23,8,29608.88,986.96,40.0,-0.2086
DHR,Danaher Corp,197.86,76.15,37.01,1.23,8,29608.88,986.96,40.0,-0.2086
SONY,Sony Group Corporation,24.3833,76.15,37.01,1.23,8,29608.88,986.96,40.0,-0.2086
PFE,Pfizer Inc,25.355,76.15,37.01,1.23,8,29608.88,986.96,40.0,-0.2086
SHOP,Shopify Inc,116.49,76.15,37.01,1.23,8,29608.88,986.96,40.0,-0.2086
SPOT,Spotify Technology SA,715.17,76.15,37.01,1.23,8,29608.88,986.96,40.0,-0.2086
PGR,Progressive Corp (The),246.58,76.15,37.01,1.23,8,29608.88,986.96,40.0,-0.2086
ETN,Eaton Corporation plc,359.57,76.15,37.01,1.23,8,29608.88,986.96,40.0,-0.2086
COF,Capital One Financial Corp,220.48,76.15,37.01,1.23,8,29608.88,986.96,40.0,-0.2086
UNP,Union Pacific Corp,233.45,76.15,37.01,1.23,8,29608.88,986.96,40.0,-0.2086
TTE,TotalEnergies SE,62.31,76.15,37.01,1.23,8,29608.88,986.96,40.0,-0.2086
MU,Micron Technology Inc.,118.73,76.15,37.01,1.23,8,29608.88,986.96,40.0,-0.2086
DE,DEERE & COMPANY,507.08,76.15,37.01,1.23,8,29608.88,986.96,40.0,-0.2086
TJX,TJX Companies Inc (The),123.4447,76.15,37.01,1.23,8,29608.88,986.96,40.0,-0.2086
GILD,Gilead Sciences Inc,111.9665,76.15,37.01,1.23,8,29608.88,986.96,40.0,-0.2086
ANET,Arista Networks Inc,108.285,76.15,37.01,1.23,8,29608.88,986.96,40.0,-0.2086
BHP,BHP Group Ltd,51.8883,76.15,37.01,1.23,8,29608.88,986.96,40.0,-0.2086
CMCSA,Comcast Corp,35.595,76.15,37.01,1.23,8,29608.88,986.96,40.0,-0.2086
LRCX,Lam Research Corp,99.5883,76.15,37.01,1.23,8,29608.88,986.96,40.0,-0.2086
SAN,Banco Santander SA,8.4983,76.15,37.01,1.23,8,29608.88,986.96,40.0,-0.2086
TD,Toronto-Dominion Bank (The),73.945,76.15,37.01,1.23,8,29608.88,986.96,40.0,-0.2086
KKR,KKR & Co Inc,139.47,76.15,37.01,1.23,8,29608.88,986.96,40.0,-0.2086
LOW,Lowe's Cos Inc,222.42,76.15,37.01,1.23,8,29608.88,986.96,40.0,-0.2086
PANW,Palo Alto Networks Inc,190.638,76.15,37.01,1.23,8,29608.88,986.96,40.0,-0.2086
ADP,Automatic Data Processing Inc,303.145,76.15,37.01,1.23,8,29608.88,986.96,40.0,-0.2086
SNY,Sanofi,48.5183,76.15,37.01,1.23,8,29608.88,986.96,40.0,-0.2086
KLAC,KLA Corp,919.83,76.15,37.01,1.23,8,29608.88,986.96,40.0,-0.2086
MSTR,MicroStrategy Inc,450.73,76.15,37.01,1.23,8,29608.88,986.96,40.0,-0.2086
ADI,Analog Devices Inc,243.335,76.15,37.01,1.23,8,29608.88,986.96,40.0,-0.2086
BUD,Anheuser-Busch InBev SA/NV,67.675,76.15,37.01,1.23,8,29608.88,986.96,40.0,-0.2086
MELI,MercadoLibre Inc,2382.085,76.15,37.01,1.23,8,29608.88,986.96,40.0,-0.2086
COP,Conocophillips,93.92,76.15,37.01,1.23,8,29608.88,986.96,40.0,-0.2086
VRTX,Vertex Pharmaceuticals Inc,471.895,76.15,37.01,1.23,8,29608.88,986.96,40.0,-0.2086
APH,Amphenol Corp,100.3383,76.15,37.01,1.23,8,29608.88,986.96,40.0,-0.2086
UBS,UBS Group AG,35.6389,76.15,37.01,1.23,8,29608.88,986.96,40.0,-0.2086
CRWD,CrowdStrike Holdings Inc,474.95,76.15,37.01,1.23,8,29608.88,986.96,40.0,-0.2086
IBN,ICICI Bank Ltd,33.1883,76.15,37.01,1.23,8,29608.88,986.96,40.0,-0.2086
MDT,Medtronic PLC,89.71,76.15,37.01,1.23,8,29608.88,986.96,40.0,-0.2086
APP,AppLovin Corporation,355.4697,76.15,37.01,1.23,8,29608.88,986.96,40.0,-0.2086
BTI,British American Tobacco PLC,51.3325,76.15,37.01,1.23,8,29608.88,986.96,40.0,-0.2086
CB,Chubb Ltd,279.72,76.15,37.01,1.23,8,29608.88,986.96,40.0,-0.2086
LMT,Lockheed Martin Corp,474.065,76.15,37.01,1.23,8,29608.88,986.96,40.0,-0.2086
SBUX,Starbucks Corp,93.41,76.15,37.01,1.23,8,29608.88,986.96,40.0,-0.2086
NKE,NIKE Inc,72.2983,76.15,37.01,1.23,8,29608.88,986.96,40.0,-0.2086
MMC,Marsh & McLennan Companies Inc,213.66,76.15,37.01,1.23,8,29608.88,986.96,40.0,-0.2086
BN,Brookfield Corp,63.78,76.15,37.01,1.23,8,29608.88,986.96,40.0,-0.2086
ICE,Intercontinental Exchange Inc,181.62,76.15,37.01,1.23,8,29608.88,986.96,40.0,-0.2086
AMT,American Tower Corp,221.71,76.15,37.01,1.23,8,29608.88,986.96,40.0,-0.2086
INTC,Intel Corp,23.2583,76.15,37.01,1.23,8,29608.88,986.96,40.0,-0.2086
DASH,DoorDash Inc,241.9556,76.15,37.01,1.23,8,29608.88,986.96,40.0,-0.2086
SO,Southern Co (The),92.71,76.15,37.01,1.23,8,29608.88,986.96,40.0,-0.2086
WELL,Welltower Inc,157.9458,76.15,37.01,1.23,8,29608.88,986.96,40.0,-0.2086
PLD,Prologis Inc,109.13,76.15,37.01,1.23,8,29608.88,986.96,40.0,-0.2086
CEG,Constellation Energy Corp,325.125,76.15,37.01,1.23,8,29608.88,986.96,40.0,-0.2086
CME,CME Group Inc,276.9544,76.15,37.01,1.23,8,29608.88,986.96,40.0,-0.2086
IBKR,Interactive Brokers Group Inc,59.4,76.15,37.01,1.23,8,29608.88,986.96,40.0,-0.2086
COIN,COINBASE GLOBAL INC,392.91,76.15,37.01,1.23,8,29608.88,986.96,40.0,-0.2086
RELX,RELX PLC,53.915,76.15,37.01,1.23,8,29608.88,986.96,40.0,-0.2086
TT,Trane Technologies plc,439.26,76.15,37.01,1.23,8,29608.88,986.96,40.0,-0.2086
MO,Altria Group Inc,58.0017,76.15,37.01,1.23,8,29608.88,986.96,40.0,-0.2086
ENB,Enbridge Inc,45.115,76.15,37.01,1.23,8,29608.88,986.96,40.0,-0.2086
SMFG,Sumitomo Mitsui Financial Group Inc,14.845,76.15,37.01,1.23,8,29608.88,986.96,40.0,-0.2086
BMY,Bristol-Myers Squibb Co,47.4017,76.15,37.01,1.23,8,29608.88,986.96,40.0,-0.2086
RCL,Royal Caribbean Group,341.45,76.15,37.01,1.23,8,29608.88,986.96,40.0,-0.2086
BAM,Brookfield Asset Management Ltd,56.87,76.15,37.01,1.23,8,29608.88,986.96,40.0,-0.2086
FI,Fiserv Inc.,167.76,76.15,37.01,1.23,8,29608.88,986.96,40.0,-0.2086
PH,Parker-Hannifin Corp,711.58,76.15,37.01,1.23,8,29608.88,986.96,40.0,-0.2086
DUK,Duke Energy Corp,117.82,76.15,37.01,1.23,8,29608.88,986.96,40.0,-0.2086
WM,Waste Management Inc.,229.2,76.15,37.01,1.23,8,29608.88,986.96,40.0,-0.2086
HCA,HCA Healthcare Inc,379.91,76.15,37.01,1.23,8,29608.88,986.96,40.0,-0.2086
MCO,Moody's Corp.,503.3,76.15,37.01,1.23,8,29608.88,986.96,40.0,-0.2086
TRI,Thomson Reuters Corp,214.14,76.15,37.01,1.23,8,29608.88,986.96,40.0,-0.2086
MCK,McKesson Corp,715.29,76.15,37.01,1.23,8,29608.88,986.96,40.0,-0.2086
SE,Sea Limited,151.01,76.15,37.01,1.23,8,29608.88,986.96,40.0,-0.2086
CDNS,Cadence Design Systems Inc,317.35,76.15,37.01,1.23,8,29608.88,986.96,40.0,-0.2086
RACE,Ferrari NV,487.59,76.15,37.01,1.23,8,29608.88,986.96,40.0,-0.2086
CTAS,Cintas Corp,216.61,76.15,37.01,1.23,8,29608.88,986.96,40.0,-0.2086
MDLZ,Mondelez International Inc,67.525,76.15,37.01,1.23,8,29608.88,986.96,40.0,-0.2086
HOOD,Robinhood Markets Inc,99.6833,76.15,37.01,1.23,8,29608.88,986.96,40.0,-0.2086
SNPS,Synopsys Inc,548.88,76.15,37.01,1.23,8,29608.88,986.96,40.0,-0.2086
SHW,Sherwin-Williams Co (The),344.555,76.15,37.01,1.23,8,29608.88,986.96,40.0,-0.2086
TDG,TransDigm Group Inc,1573.35,76.15,37.01,1.23,8,29608.88,986.96,40.0,-0.2086
BBVA,Banco Bilbao Vizcaya Argentaria SA,15.1183,76.15,37.01,1.23,8,29608.88,986.96,40.0,-0.2086
BP,BP plc,32.0183,76.15,37.01,1.23,8,29608.88,986.96,40.0,-0.2086
DELL,Dell Technologies Inc,125.49,76.15,37.01,1.23,8,29608.88,986.96,40.0,-0.2086
UPS,United Parcel Service Inc,100.1,76.15,37.01,1.23,8,29608.88,986.96,40.0,-0.2086
APO,Apollo Global Management Inc,148.415,76.15,37.01,1.23,8,29608.88,986.96,40.0,-0.2086
MMM,3M Co,157.835,76.15,37.01,1.23,8,29608.88,986.96,40.0,-0.2086
ABNB,Airbnb Inc,138.35,76.15,37.01,1.23,8,29608.88,986.96,40.0,-0.2086
CVS,CVS Health Corp,64.4535,76.15,37.01,1.23,8,29608.88,986.96,40.0,-0.2086
BMO,Bank of Montreal,113.61,76.15,37.01,1.23,8,29608.88,986.96,40.0,-0.2086
SCCO,Southern Copper Corporation,100.105,76.15,37.01,1.23,8,29608.88,986.96,40.0,-0.2086
NTES,NetEase Inc,129.795,76.15,37.01,1.23,8,29608.88,986.96,40.0,-0.2086
GD,General Dynamics Corp,305.1,76.15,37.01,1.23,8,29608.88,986.96,40.0,-0.2086
CI,The Cigna Group,302.9,76.15,37.01,1.23,8,29608.88,986.96,40.0,-0.2086
AJG,Arthur J. Gallagher & Co.,315.4,76.15,37.01,1.23,8,29608.88,986.96,40.0,-0.2086
EMR,Emerson Electric Co.,139.795,76.15,37.01,1.23,8,29608.88,986.96,40.0,-0.2086
ORLY,O'Reilly Automotive Inc,93.12,76.15,37.01,1.23,8,29608.88,986.96,40.0,-0.2086
GSK,GSK plc,38.41,76.15,37.01,1.23,8,29608.88,986.96,40.0,-0.2086
PNC,The PNC Financial Services Group Inc,197.02,76.15,37.01,1.23,8,29608.88,986.96,40.0,-0.2086
MAR,Marriott International Inc,282.945,76.15,37.01,1.23,8,29608.88,986.96,40.0,-0.2086
ELV,Elevance Health Inc,338.91,76.15,37.01,1.23,8,29608.88,986.96,40.0,-0.2086
AON,Aon plc,358.68,76.15,37.01,1.23,8,29608.88,986.96,40.0,-0.2086
RIO,Rio Tinto Group,59.745,76.15,37.01,1.23,8,29608.88,986.96,40.0,-0.2086
ITW,Illinois Tool Works Inc.,257.7,76.15,37.01,1.23,8,29608.88,986.96,40.0,-0.2086
CP,Canadian Pacific Kansas City Ltd,81.29,76.15,37.01,1.23,8,29608.88,986.96,40.0,-0.2086
FTNT,Fortinet Inc,102.52,76.15,37.01,1.23,8,29608.88,986.96,40.0,-0.2086
ECL,Ecolab Inc.,268.075,76.15,37.01,1.23,8,29608.88,986.96,40.0,-0.2086
CMG,Chipotle Mexican Grill Inc,54.72,76.15,37.01,1.23,8,29608.88,986.96,40.0,-0.2086
INFY,Infosys Ltd,17.975,76.15,37.01,1.23,8,29608.88,986.96,40.0,-0.2086
RSG,Republic Services Inc.,243.95,76.15,37.01,1.23,8,29608.88,986.96,40.0,-0.2086
NOC,Northrop Grumman Corp,521.295,76.15,37.01,1.23,8,29608.88,986.96,40.0,-0.2086
EQIX,Equinix Inc,759.05,76.15,37.01,1.23,8,29608.88,986.96,40.0,-0.2086
CVNA,Carvana Co,346.865,76.15,37.01,1.23,8,29608.88,986.96,40.0,-0.2086
USB,U.S. Bancorp,47.01,76.15,37.01,1.23,8,29608.88,986.96,40.0,-0.2086
EQNR,Equinor ASA,26.38,76.15,37.01,1.23,8,29608.88,986.96,40.0,-0.2086
CL,Colgate-Palmolive Co,88.99,76.15,37.01,1.23,8,29608.88,986.96,40.0,-0.2086
HWM,Howmet Aerospace Inc,184.57,76.15,37.01,1.23,8,29608.88,986.96,40.0,-0.2086
RBLX,Roblox Corp,111.66,76.15,37.01,1.23,8,29608.88,986.96,40.0,-0.2086
WMB,Williams Cos Inc. (The),58.9683,76.15,37.01,1.23,8,29608.88,986.96,40.0,-0.2086
SNOW,Snowflake Inc,213.05,76.15,37.01,1.23,8,29608.88,986.96,40.0,-0.2086
JCI,Johnson Controls International Plc,106.155,76.15,37.01,1.23,8,29608.88,986.96,40.0,-0.2086
MSI,Motorola Solutions Inc,413.545,76.15,37.01,1.23,8,29608.88,986.96,40.0,-0.2086
PYPL,PayPal Holdings Inc,73.8783,76.15,37.01,1.23,8,29608.88,986.96,40.0,-0.2086
ING,ING Groep NV,22.59,76.15,37.01,1.23,8,29608.88,986.96,40.0,-0.2086
EPD,Enterprise Products Partners LP,31.73,76.15,37.01,1.23,8,29608.88,986.96,40.0,-0.2086
ZTS,Zoetis Inc,156.02,76.15,37.01,1.23,8,29608.88,986.96,40.0,-0.2086
NGG,National Grid plc,71.07,76.15,37.01,1.23,8,29608.88,986.96,40.0,-0.2086
MFG,Mizuho Financial Group Inc,5.4917,76.15,37.01,1.23,8,29608.88,986.96,40.0,-0.2086
CM,Canadian Imperial Bank of Commerce,72.335,76.15,37.01,1.23,8,29608.88,986.96,40.0,-0.2086
BNS,The Bank of Nova Scotia,54.52,76.15,37.01,1.23,8,29608.88,986.96,40.0,-0.2086
EOG,EOG Resources Inc.,122.495,76.15,37.01,1.23,8,29608.88,986.96,40.0,-0.2086
CNQ,Canadian Natural Resources Ltd,31.775,76.15,37.01,1.23,8,29608.88,986.96,40.0,-0.2086
BK,Bank of New York Mellon Corp (The),94.9983,76.15,37.01,1.23,8,29608.88,986.96,40.0,-0.2086
NEM,Newmont Corporation,60.7883,76.15,37.01,1.23,8,29608.88,986.96,40.0,-0.2086
VST,Vistra Corp,194.2832,76.15,37.01,1.23,8,29608.88,986.96,40.0,-0.2086
FCX,Freeport-McMoRan Inc,45.555,76.15,37.01,1.23,8,29608.88,986.96,40.0,-0.2086
CNI,Canadian National Railway Co,104.05,76.15,37.01,1.23,8,29608.88,986.96,40.0,-0.2086
HLT,Hilton Worldwide Holdings Inc,278.84,76.15,37.01,1.23,8,29608.88,986.96,40.0,-0.2086
CARR,Carrier Global Corp,76.565,76.15,37.01,1.23,8,29608.88,986.96,40.0,-0.2086
BCS,Barclays PLC,18.6017,76.15,37.01,1.23,8,29608.88,986.96,40.0,-0.2086
APD,Air Products and Chemicals Inc.,290.97,76.15,37.01,1.23,8,29608.88,986.96,40.0,-0.2086
CRH,CRH PLC,94.8529,76.15,37.01,1.23,8,29608.88,986.96,40.0,-0.2086
CSX,CSX Corp,34.095,76.15,37.01,1.23,8,29608.88,986.96,40.0,-0.2086
NET,Cloudflare Inc,182.2409,76.15,37.01,1.23,8,29608.88,986.96,40.0,-0.2086
MRVL,Marvell Technology Inc,72.395,76.15,37.01,1.23,8,29608.88,986.96,40.0,-0.2086
AZO,AutoZone Inc,3771.345,76.15,37.01,1.23,8,29608.88,986.96,40.0,-0.2086
KMI,Kinder Morgan Inc.,28.275,76.15,37.01,1.23,8,29608.88,986.96,40.0,-0.2086
NU,Nu Holdings Ltd,13.08,76.15,37.01,1.23,8,29608.88,986.96,40.0,-0.2086
LYG,Lloyds Banking Group PLC,4.13,76.15,37.01,1.23,8,29608.88,986.96,40.0,-0.2086
CRWV,CoreWeave Inc,132.6714,76.15,37.01,1.23,8,29608.88,986.96,40.0,-0.2086
REGN,Regeneron Pharmaceuticals Inc,571.31,76.15,37.01,1.23,8,29608.88,986.96,40.0,-0.2086
AEM,Agnico Eagle Mines Ltd,119.57,76.15,37.01,1.23,8,29608.88,986.96,40.0,-0.2086
NSC,Norfolk Southern Corp,262.605,76.15,37.01,1.23,8,29608.88,986.96,40.0,-0.2086
ADSK,Autodesk Inc,294.9,76.15,37.01,1.23,8,29608.88,986.96,40.0,-0.2086
ET,Energy Transfer LP,17.505,76.15,37.01,1.23,8,29608.88,986.96,40.0,-0.2086
WDAY,Workday Inc,225.03,76.15,37.01,1.23,8,29608.88,986.96,40.0,-0.2086
TFC,Truist Financial Corp,45.555,76.15,37.01,1.23,8,29608.88,986.96,40.0,-0.2086
ROP,Roper Technologies Inc,546.51,76.15,37.01,1.23,8,29608.88,986.96,40.0,-0.2086
ARES,Ares Management Corp,180.805,76.15,37.01,1.23,8,29608.88,986.96,40.0,-0.2086
NXPI,NXP Semiconductors NV,223.88,76.15,37.01,1.23,8,29608.88,986.96,40.0,-0.2086
TRV,Travelers Companies Inc (The),254.88,76.15,37.01,1.23,8,29608.88,986.96,40.0,-0.2086
DEO,Diageo PLC,101.73,76.15,37.01,1.23,8,29608.88,986.96,40.0,-0.2086
MNST,Monster Beverage Corp,59.585,76.15,37.01,1.23,8,29608.88,986.96,40.0,-0.2086
COR,Cencora Inc,296.645,76.15,37.01,1.23,8,29608.88,986.96,40.0,-0.2086
PWR,Quanta Services Inc.,387.475,76.15,37.01,1.23,8,29608.88,986.96,40.0,-0.2086
AXON,Axon Enterprise Inc,750.835,76.15,37.01,1.23,8,29608.88,986.96,40.0,-0.2086
DLR,Digital Realty Trust Inc,170.82,76.15,37.01,1.23,8,29608.88,986.96,40.0,-0.2086
FDX,FedEx Corp.,234.215,76.15,37.01,1.23,8,29608.88,986.96,40.0,-0.2086
AEP,American Electric Power Co Inc,105.0383,76.15,37.01,1.23,8,29608.88,986.96,40.0,-0.2086
MPC,Marathon Petroleum Corp,175.3801,76.15,37.01,1.23,8,29608.88,986.96,40.0,-0.2086
AFL,Aflac Incorporated,102.54,76.15,37.01,1.23,8,29608.88,986.96,40.0,-0.2086
CPNG,Coupang Inc,30.695,76.15,37.01,1.23,8,29608.88,986.96,40.0,-0.2086
CHTR,Charter Communications Inc,399.355,76.15,37.01,1.23,8,29608.88,986.96,40.0,-0.2086
NWG,NatWest Group plc,13.365,76.15,37.01,1.23,8,29608.88,986.96,40.0,-0.2086
PSX,Phillips 66,128.69,76.15,37.01,1.23,8,29608.88,986.96,40.0,-0.2086
AMX,America Movil SAB de CV,17.385,76.15,37.01,1.23,8,29608.88,986.96,40.0,-0.2086
URI,United Rentals Inc.,808.4,76.15,37.01,1.23,8,29608.88,986.96,40.0,-0.2086
SPG,Simon Property Group Inc,162.1087,76.15,37.01,1.23,8,29608.88,986.96,40.0,-0.2086
TEL,TE Connectivity plc,176.065,76.15,37.01,1.23,8,29608.88,986.96,40.0,-0.2086
LNG,Cheniere Energy Inc,241.49,76.15,37.01,1.23,8,29608.88,986.96,40.0,-0.2086
MET,MetLife Inc,77.72,76.15,37.01,1.23,8,29608.88,986.96,40.0,-0.2086
MFC,Manulife Financial Corp,30.475,76.15,37.01,1.23,8,29608.88,986.96,40.0,-0.2086
MPLX,MPLX LP,50.9029,76.15,37.01,1.23,8,29608.88,986.96,40.0,-0.2086
PAYX,Paychex Inc.,144.07,76.15,37.01,1.23,8,29608.88,986.96,40.0,-0.2086
O,Realty Income Corp,58.9049,76.15,37.01,1.23,8,29608.88,986.96,40.0,-0.2086
NDAQ,Nasdaq Inc,89.63,76.15,37.01,1.23,8,29608.88,986.96,40.0,-0.2086
GM,General Motors Co,53.295,76.15,37.01,1.23,8,29608.88,986.96,40.0,-0.2086
ALL,The Allstate Corporation,195.84,76.15,37.01,1.23,8,29608.88,986.96,40.0,-0.2086
FLUT,Flutter Entertainment PLC,295.38,76.15,37.01,1.23,8,29608.88,986.96,40.0,-0.2086
AMP,Ameriprise Financial Inc,539.04,76.15,37.01,1.23,8,29608.88,986.96,40.0,-0.2086
PCAR,PACCAR Inc,95.89,76.15,37.01,1.23,8,29608.88,986.96,40.0,-0.2086
E,Eni SpA,33.14,76.15,37.01,1.23,8,29608.88,986.96,40.0,-0.2086
GWW,Grainger (W.W.) Inc,1056.58,76.15,37.01,1.23,8,29608.88,986.96,40.0,-0.2086
OKE,ONEOK Inc,81.41,76.15,37.01,1.23,8,29608.88,986.96,40.0,-0.2086
SLB,Schlumberger Ltd,36.145,76.15,37.01,1.23,8,29608.88,986.96,40.0,-0.2086
PSA,Public Storage,288.16,76.15,37.01,1.23,8,29608.88,986.96,40.0,-0.2086
BDX,Becton Dickinson and Co,176.6429,76.15,37.01,1.23,8,29608.88,986.96,40.0,-0.2086
CTVA,Corteva Inc,73.155,76.15,37.01,1.23,8,29608.88,986.96,40.0,-0.2086
FAST,Fastenal Co,45.1299,76.15,37.01,1.23,8,29608.88,986.96,40.0,-0.2086
TRP,TC Energy Corp,48.32,76.15,37.01,1.23,8,29608.88,986.96,40.0,-0.2086
TEAM,Atlassian Corp,191.49,76.15,37.01,1.23,8,29608.88,986.96,40.0,-0.2086
SU,Suncor Energy Inc.,39.8295,76.15,37.01,1.23,8,29608.88,986.96,40.0,-0.2086
D,Dominion Energy Inc,57.14,76.15,37.01,1.23,8,29608.88,986.96,40.0,-0.2086
SRE,Sempra,74.565,76.15,37.01,1.23,8,29608.88,986.96,40.0,-0.2086
LHX,L3Harris Technologies Inc,262.58,76.15,37.01,1.23,8,29608.88,986.96,40.0,-0.2086
VLO,Valero Energy Corp,148.88,76.15,37.01,1.23,8,29608.88,986.96,40.0,-0.2086
PBR,Petroleo Brasileiro S.A.- Petrobras,12.57,76.15,37.01,1.23,8,29608.88,986.96,40.0,-0.2086
DDOG,Datadog Inc,138.58,76.15,37.01,1.23,8,29608.88,986.96,40.0,-0.2086
HES,Hess Corp,149.12,76.15,37.01,1.23,8,29608.88,986.96,40.0,-0.2086
WCN,Waste Connections Inc.,184.395,76.15,37.01,1.23,8,29608.88,986.96,40.0,-0.2086
TGT,Target Corp,104.6429,76.15,37.01,1.23,8,29608.88,986.96,40.0,-0.2086
AIG,American International Group Inc,81.5547,76.15,37.01,1.23,8,29608.88,986.96,40.0,-0.2086
VRT,Vertiv Holdings Co,124.5494,76.15,37.01,1.23,8,29608.88,986.96,40.0,-0.2086
F,Ford Motor Co,11.85,76.15,37.01,1.23,8,29608.88,986.96,40.0,-0.2086
KR,Kroger Co. (The),72.3617,76.15,37.01,1.23,8,29608.88,986.96,40.0,-0.2086
CMI,Cummins Inc.,340.04,76.15,37.01,1.23,8,29608.88,986.96,40.0,-0.2086
TAK,Takeda Pharmaceutical Co Ltd,15.0583,76.15,37.01,1.23,8,29608.88,986.96,40.0,-0.2086
CPRT,Copart Inc,47.095,76.15,37.01,1.23,8,29608.88,986.96,40.0,-0.2086
EW,Edwards Lifesciences Corp,78.13,76.15,37.01,1.23,8,29608.88,986.96,40.0,-0.2086
OXY,Occidental Petroleum Corp,45.045,76.15,37.01,1.23,8,29608.88,986.96,40.0,-0.2086
KDP,Keurig Dr Pepper Inc,33.145,76.15,37.01,1.23,8,29608.88,986.96,40.0,-0.2086
ZS,Zscaler Inc,290.48,76.15,37.01,1.23,8,29608.88,986.96,40.0,-0.2086
VEEV,Veeva Systems Inc,281.83,76.15,37.01,1.23,8,29608.88,986.96,40.0,-0.2086
JD,JD.com Inc,30.76,76.15,37.01,1.23,8,29608.88,986.96,40.0,-0.2086
CCI,Crown Castle Inc,103.0929,76.15,37.01,1.23,8,29608.88,986.96,40.0,-0.2086
HLN,Haleon plc,9.915,76.15,37.01,1.23,8,29608.88,986.96,40.0,-0.2086
GLW,Corning Inc,53.065,76.15,37.01,1.23,8,29608.88,986.96,40.0,-0.2086
EXC,Exelon Corp,43.395,76.15,37.01,1.23,8,29608.88,986.96,40.0,-0.2086
MSCI,MSCI Inc,571.32,76.15,37.01,1.23,8,29608.88,986.96,40.0,-0.2086
CCEP,Coca-Cola Europacific Partners PLC,95.35,76.15,37.01,1.23,8,29608.88,986.96,40.0,-0.2086
FERG,Ferguson Enterprises Inc,219.705,76.15,37.01,1.23,8,29608.88,986.96,40.0,-0.2086
VALE,Vale SA,9.915,76.15,37.01,1.23,8,29608.88,986.96,40.0,-0.2086
ALC,Alcon Inc,87.37,76.15,37.01,1.23,8,29608.88,986.96,40.0,-0.2086
VG,Venture Global Inc,16.805,76.15,37.01,1.23,8,29608.88,986.96,40.0,-0.2086
KMB,Kimberly-Clark Corporation,127.24,76.15,37.01,1.23,8,29608.88,986.96,40.0,-0.2086
ROST,Ross Stores Inc,130.9406,76.15,37.01,1.23,8,29608.88,986.96,40.0,-0.2086
IDXX,IDEXX Laboratories Inc,530.8687,76.15,37.01,1.23,8,29608.88,986.96,40.0,-0.2086
TTWO,Take-Two Interactive Software Inc,238.775,76.15,37.01,1.23,8,29608.88,986.96,40.0,-0.2086
FANG,Diamondback Energy Inc,141.57,76.15,37.01,1.23,8,29608.88,986.96,40.0,-0.2086
VRSK,Verisk Analytics Inc,305.54,76.15,37.01,1.23,8,29608.88,986.96,40.0,-0.2086
DHI,D.R. Horton Inc,136.01,76.15,37.01,1.23,8,29608.88,986.96,40.0,-0.2086
IMO,Imperial Oil Ltd,82.94,76.15,37.01,1.23,8,29608.88,986.96,40.0,-0.2086
CBRE,CBRE Group Inc,141.15,76.15,37.01,1.23,8,29608.88,986.96,40.0,-0.2086
HMC,Honda Motor Co Ltd,31.0583,76.15,37.01,1.23,8,29608.88,986.96,40.0,-0.2086
AME,AMETEK Inc,178.21,76.15,37.01,1.23,8,29608.88,986.96,40.0,-0.2086
CRCL,Circle Internet Group Inc,200.98,76.15,37.01,1.23,8,29608.88,986.96,40.0,-0.2086
YUM,YUM Brands Inc,147.47,76.15,37.01,1.23,8,29608.88,986.96,40.0,-0.2086
GRMN,Garmin Ltd,216.79,76.15,37.01,1.23,8,29608.88,986.96,40.0,-0.2086
FIS,Fidelity National Information Services Inc,79.33,76.15,37.01,1.23,8,29608.88,986.96,40.0,-0.2086
WPM,Wheaton Precious Metals Corp,91.395,76.15,37.01,1.23,8,29608.88,986.96,40.0,-0.2086
PEG,Public Service Enterprise Group Inc,82.915,76.15,37.01,1.23,8,29608.88,986.96,40.0,-0.2086
ALNY,Alnylam Pharmaceuticals Inc,315.86,76.15,37.01,1.23,8,29608.88,986.96,40.0,-0.2086
KVUE,Kenvue Inc,21.855,76.15,37.01,1.23,8,29608.88,986.96,40.0,-0.2086
TCOM,Trip com Group Ltd,61.595,76.15,37.01,1.23,8,29608.88,986.96,40.0,-0.2086
BKR,Baker Hughes a GE Co,39.85,76.15,37.01,1.23,8,29608.88,986.96,40.0,-0.2086
MCHP,Microchip Technology Inc,73.9417,76.15,37.01,1.23,8,29608.88,986.96,40.0,-0.2086
XYZ,Block Inc,68.53,76.15,37.01,1.23,8,29608.88,986.96,40.0,-0.2086
XEL,Xcel Energy Inc.,69.095,76.15,37.01,1.23,8,29608.88,986.96,40.0,-0.2086
OTIS,Otis Worldwide Corp,100.11,76.15,37.01,1.23,8,29608.88,986.96,40.0,-0.2086
ROK,Rockwell Automation Inc.,343.48,76.15,37.01,1.23,8,29608.88,986.96,40.0,-0.2086
FER,FERROVIAL SE,52.41,76.15,37.01,1.23,8,29608.88,986.96,40.0,-0.2086
CAH,Cardinal Health Inc,161.345,76.15,37.01,1.23,8,29608.88,986.96,40.0,-0.2086
FICO,Fair Isaac Corporation,1547.47,76.15,37.01,1.23,8,29608.88,986.96,40.0,-0.2086
PRU,Prudential Financial Inc,105.4029,76.15,37.01,1.23,8,29608.88,986.96,40.0,-0.2086
EA,Electronic Arts Inc,149.185,76.15,37.01,1.23,8,29608.88,986.96,40.0,-0.2086
RMD,Resmed Inc,254.32,76.15,37.01,1.23,8,29608.88,986.96,40.0,-0.2086
TRGP,Targa Resources Corp,172.64,76.15,37.01,1.23,8,29608.88,986.96,40.0,-0.2086
SYY,Sysco Corporation,77.61,76.15,37.01,1.23,8,29608.88,986.96,40.0,-0.2086
CTSH,Cognizant Technology Solutions Corp,75.27,76.15,37.01,1.23,8,29608.88,986.96,40.0,-0.2086
TTD,Trade Desk Inc (The),75.36,76.15,37.01,1.23,8,29608.88,986.96,40.0,-0.2086
DAL,Delta Air Lines Inc,58.16,76.15,37.01,1.23,8,29608.88,986.96,40.0,-0.2086
ABEV,Ambev SA,2.335,76.15,37.01,1.23,8,29608.88,986.96,40.0,-0.2086
B,Barrick Mining Corporation,21.245,76.15,37.01,1.23,8,29608.88,986.96,40.0,-0.2086
WAB,Westinghouse Air Brake Technologies Corp,212.79,76.15,37.01,1.23,8,29608.88,986.96,40.0,-0.2086
ETR,Entergy corporation,82.61,76.15,37.01,1.23,8,29608.88,986.96,40.0,-0.2086
ED,Consolidated Edison Inc.,100.96,76.15,37.01,1.23,8,29608.88,986.96,40.0,-0.2086
CSGP,CoStar Group Inc,85.51,76.15,37.01,1.23,8,29608.88,986.96,40.0,-0.2086
IR,Ingersoll Rand Inc,87.63,76.15,37.01,1.23,8,29608.88,986.96,40.0,-0.2086
EBAY,eBay Inc.,77.63,76.15,37.01,1.23,8,29608.88,986.96,40.0,-0.2086
VMC,Vulcan Materials Co,269.365,76.15,37.01,1.23,8,29608.88,986.96,40.0,-0.2086
ODFL,Old Dominion Freight Line Inc,165.51,76.15,37.01,1.23,8,29608.88,986.96,40.0,-0.2086
VICI,VICI Properties Inc,33.5917,76.15,37.01,1.23,8,29608.88,986.96,40.0,-0.2086
MPWR,Monolithic Power Systems Inc,716.675,76.15,37.01,1.23,8,29608.88,986.96,40.0,-0.2086
BRO,Brown & Brown Inc,107.84,76.15,37.01,1.23,8,29608.88,986.96,40.0,-0.2086
LVS,Las Vegas Sands Corp,50.22,76.15,37.01,1.23,8,29608.88,986.96,40.0,-0.2086
A,Agilent Technologies Inc,120.01,76.15,37.01,1.23,8,29608.88,986.96,40.0,-0.2086
SLF,Sun Life Financial Inc,62.75,76.15,37.01,1.23,8,29608.88,986.96,40.0,-0.2086
CHT,Chunghwa Telecom Co Ltd,44.52,76.15,37.01,1.23,8,29608.88,986.96,40.0,-0.2086
EQT,EQT Corp,58.1283,76.15,37.01,1.23,8,29608.88,986.96,40.0,-0.2086
GEHC,GE HealthCare Technologies Inc,74.23,76.15,37.01,1.23,8,29608.88,986.96,40.0,-0.2086
HIG,Hartford Insurance Group Inc (The),122.81,76.15,37.01,1.23,8,29608.88,986.96,40.0,-0.2086
ARGX,argenx SE,563.36,76.15,37.01,1.23,8,29608.88,986.96,40.0,-0.2086
TKO,TKO Group Holdings Inc,174.765,76.15,37.01,1.23,8,29608.88,986.96,40.0,-0.2086
MLM,Martin Marietta Materials Inc,563.62,76.15,37.01,1.23,8,29608.88,986.96,40.0,-0.2086
WEC,WEC Energy Group Inc,105.71,76.15,37.01,1.23,8,29608.88,986.96,40.0,-0.2086
ITUB,Itau Unibanco Holding SA,6.245,76.15,37.01,1.23,8,29608.88,986.96,40.0,-0.2086
CCL,Carnival Corporation & Plc,29.285,76.15,37.01,1.23,8,29608.88,986.96,40.0,-0.2086
HSY,Hershey Co (The),165.07,76.15,37.01,1.23,8,29608.88,986.96,40.0,-0.2086
LYV,Live Nation Entertainment Inc,148.295,76.15,37.01,1.23,8,29608.88,986.96,40.0,-0.2086
ANSS,ANSYS Inc,385.38,76.15,37.01,1.23,8,29608.88,986.96,40.0,-0.2086
ACGL,Arch Capital Group Ltd,90.43,76.15,37.01,1.23,8,29608.88,986.96,40.0,-0.2086
NUE,Nucor Corp,141.855,76.15,37.01,1.23,8,29608.88,986.96,40.0,-0.2086
EL,Estee Lauder Cos Inc (The),89.7065,76.15,37.01,1.23,8,29608.88,986.96,40.0,-0.2086
DXCM,DexCom Inc,85.035,76.15,37.01,1.23,8,29608.88,986.96,40.0,-0.2086
MTB,M&T Bank Corp,202.8,76.15,37.01,1.23,8,29608.88,986.96,40.0,-0.2086
EFX,Equifax Inc.,260.59,76.15,37.01,1.23,8,29608.88,986.96,40.0,-0.2086
KHC,The Kraft Heinz Co,27.685,76.15,37.01,1.23,8,29608.88,986.96,40.0,-0.2086
PBR/A,Petroleo Brasileiro S.A.- Petrobras,11.515,76.15,37.01,1.23,8,29608.88,986.96,40.0,-0.2086
RJF,Raymond James Financial Inc.,159.01,76.15,37.01,1.23,8,29608.88,986.96,40.0,-0.2086
PUK,Prudential PLC,25.0783,76.15,37.01,1.23,8,29608.88,986.96,40.0,-0.2086
EXR,Extra Space Storage Inc,150.5,76.15,37.01,1.23,8,29608.88,986.96,40.0,-0.2086
XYL,Xylem Inc,130.96,76.15,37.01,1.23,8,29608.88,986.96,40.0,-0.2086
CCJ,Cameco Corp,74.905,76.15,37.01,1.23,8,29608.88,986.96,40.0,-0.2086
STT,State Street Corporation,109.7,76.15,37.01,1.23,8,29608.88,986.96,40.0,-0.2086
DD,DuPont  De Nemours Inc,74.79,76.15,37.01,1.23,8,29608.88,986.96,40.0,-0.2086
STX,Seagate Technology Holdings plc,148.97,76.15,37.01,1.23,8,29608.88,986.96,40.0,-0.2086
KB,KB Financial Group Inc,85.7994,76.15,37.01,1.23,8,29608.88,986.96,40.0,-0.2086
FNV,Franco-Nevada Corp,158.21,76.15,37.01,1.23,8,29608.88,986.96,40.0,-0.2086
TME,Tencent Music Entertainment Group,20.74,76.15,37.01,1.23,8,29608.88,986.96,40.0,-0.2086
RYAAY,Ryanair Holdings PLC,57.48,76.15,37.01,1.23,8,29608.88,986.96,40.0,-0.2086
WTW,Willis Towers Watson plc,309.25,76.15,37.01,1.23,8,29608.88,986.96,40.0,-0.2086
WIT,Wipro Ltd,2.875,76.15,37.01,1.23,8,29608.88,986.96,40.0,-0.2086
STZ,Constellation Brands Inc,164.38,76.15,37.01,1.23,8,29608.88,986.96,40.0,-0.2086
WDS,Woodside Energy Group Ltd,15.69,76.15,37.01,1.23,8,29608.88,986.96,40.0,-0.2086
TSCO,Tractor Supply Co,57.92,76.15,37.01,1.23,8,29608.88,986.96,40.0,-0.2086
BIDU,Baidu Inc,85.89,76.15,37.01,1.23,8,29608.88,986.96,40.0,-0.2086
NTR,Nutrien Ltd,60.85,76.15,37.01,1.23,8,29608.88,986.96,40.0,-0.2086
LPLA,LPL Financial Holdings Inc,370.455,76.15,37.01,1.23,8,29608.88,986.96,40.0,-0.2086
LI,Li Auto Inc,28.63,76.15,37.01,1.23,8,29608.88,986.96,40.0,-0.2086
TEF,Telefonica SA,5.2109,76.15,37.01,1.23,8,29608.88,986.96,40.0,-0.2086
PCG,PG&E Corp,13.3983,76.15,37.01,1.23,8,29608.88,986.96,40.0,-0.2086
NRG,NRG Energy Inc,151.14,76.15,37.01,1.23,8,29608.88,986.96,40.0,-0.2086
SMCI,Super Micro Computer Inc,49.52,76.15,37.01,1.23,8,29608.88,986.96,40.0,-0.2086
OWL,Blue Owl Capital Inc,19.175,76.15,37.01,1.23,8,29608.88,986.96,40.0,-0.2086
VTR,Ventas Inc.,65.53,76.15,37.01,1.23,8,29608.88,986.96,40.0,-0.2086
FITB,Fifth Third Bancorp,43.6017,76.15,37.01,1.23,8,29608.88,986.96,40.0,-0.2086
TW,Tradeweb Markets Inc,136.45,76.15,37.01,1.23,8,29608.88,986.96,40.0,-0.2086
WBD,WARNER BROS DISCOVERY INC,12.025,76.15,37.01,1.23,8,29608.88,986.96,40.0,-0.2086
STLA,Stellantis NV,9.885,76.15,37.01,1.23,8,29608.88,986.96,40.0,-0.2086
IRM,Iron Mountain Inc,97.935,76.15,37.01,1.23,8,29608.88,986.96,40.0,-0.2086
STM,STMicroelectronics NV,31.775,76.15,37.01,1.23,8,29608.88,986.96,40.0,-0.2086
IT,Gartner Inc,372.34,76.15,37.01,1.23,8,29608.88,986.96,40.0,-0.2086
RKT,Rocket Cos Inc,13.9899,76.15,37.01,1.23,8,29608.88,986.96,40.0,-0.2086
AVB,AvalonBay Communities Inc.,202.07,76.15,37.01,1.23,8,29608.88,986.96,40.0,-0.2086
UAL,United Airlines Holdings Inc,88.57,76.15,37.01,1.23,8,29608.88,986.96,40.0,-0.2086
LULU,Lululemon Athletica Inc,228.91,76.15,37.01,1.23,8,29608.88,986.96,40.0,-0.2086
KEYS,Keysight Technologies Inc,163.465,76.15,37.01,1.23,8,29608.88,986.96,40.0,-0.2086
IQV,IQVIA Holdings Inc,159.93,76.15,37.01,1.23,8,29608.88,986.96,40.0,-0.2086
FCNCA,First Citizens BancShares Inc,2152.6,76.15,37.01,1.23,8,29608.88,986.96,40.0,-0.2086
GIS,General Mills Inc.,50.86,76.15,37.01,1.23,8,29608.88,986.96,40.0,-0.2086
AMRZ,Amrize Ltd,50.485,76.15,37.01,1.23,8,29608.88,986.96,40.0,-0.2086
HUM,Humana Inc.,227.47,76.15,37.01,1.23,8,29608.88,986.96,40.0,-0.2086
DTE,DTE Energy Co,134.31,76.15,37.01,1.23,8,29608.88,986.96,40.0,-0.2086
AWK,American Water Works Company Inc,143.305,76.15,37.01,1.23,8,29608.88,986.96,40.0,-0.2086
SYM,Symbotic Inc,47.42,76.15,37.01,1.23,8,29608.88,986.96,40.0,-0.2086
IP,International Paper Company,52.035,76.15,37.01,1.23,8,29608.88,986.96,40.0,-0.2086
HUBS,HubSpot Inc,538.805,76.15,37.01,1.23,8,29608.88,986.96,40.0,-0.2086
BR,Broadridge Financial Solutions Inc,236.025,76.15,37.01,1.23,8,29608.88,986.96,40.0,-0.2086
K,Kellanova,79.6503,76.15,37.01,1.23,8,29608.88,986.96,40.0,-0.2086
ONC,BeOne Medicines Ltd,251.915,76.15,37.01,1.23,8,29608.88,986.96,40.0,-0.2086
HPE,Hewlett Packard Enterprise Co,20.5983,76.15,37.01,1.23,8,29608.88,986.96,40.0,-0.2086
BNTX,BioNTech SE,110.855,76.15,37.01,1.23,8,29608.88,986.96,40.0,-0.2086
SYF,Synchrony Financial,70.805,76.15,37.01,1.23,8,29608.88,986.96,40.0,-0.2086
RDDT,Reddit Inc,146.795,76.15,37.01,1.23,8,29608.88,986.96,40.0,-0.2086
NOK,Nokia OYJ,4.885,76.15,37.01,1.23,8,29608.88,986.96,40.0,-0.2086
ROL,Rollins Inc,55.7029,76.15,37.01,1.23,8,29608.88,986.96,40.0,-0.2086
PPG,PPG Industries Inc.,116.215,76.15,37.01,1.23,8,29608.88,986.96,40.0,-0.2086
CVE,Cenovus Energy Inc,14.4,76.15,37.01,1.23,8,29608.88,986.96,40.0,-0.2086
MT,Arcelormittal,33.89,76.15,37.01,1.23,8,29608.88,986.96,40.0,-0.2086
VRSN,VeriSign Inc,282.72,76.15,37.01,1.23,8,29608.88,986.96,40.0,-0.2086
VOD,Vodafone Group Public Limited Company,10.895,76.15,37.01,1.23,8,29608.88,986.96,40.0,-0.2086
ADM,Archer-Daniels-Midland Co,54.26,76.15,37.01,1.23,8,29608.88,986.96,40.0,-0.2086
CQP,Cheniere Energy Partners LP,55.055,76.15,37.01,1.23,8,29608.88,986.96,40.0,-0.2086
WRB,Berkley (W.R.) Corp,69.3653,76.15,37.01,1.23,8,29608.88,986.96,40.0,-0.2086
AEE,Ameren Corporation,96.45,76.15,37.01,1.23,8,29608.88,986.96,40.0,-0.2086
LEN,Lennar Corp,112.84,76.15,37.01,1.23,8,29608.88,986.96,40.0,-0.2086
DOV,Dover Corp,188.7432,76.15,37.01,1.23,8,29608.88,986.96,40.0,-0.2086
IX,Orix Corp,22.6965,76.15,37.01,1.23,8,29608.88,986.96,40.0,-0.2086
MTD,Mettler-Toledo International Inc,1194.71,76.15,37.01,1.23,8,29608.88,986.96,40.0,-0.2086
EQR,Equity Residential,66.87,76.15,37.01,1.23,8,29608.88,986.96,40.0,-0.2086
HBAN,Huntington Bancshares Inc,17.035,76.15,37.01,1.23,8,29608.88,986.96,40.0,-0.2086
PPL,PPL Corp,34.725,76.15,37.01,1.23,8,29608.88,986.96,40.0,-0.2086
VLTO,Veralto Corp,102.12,76.15,37.01,1.23,8,29608.88,986.96,40.0,-0.2086
TU,TELUS Corp,16.38,76.15,37.01,1.23,8,29608.88,986.96,40.0,-0.2086
EXE,Expand Energy Corporation,109.26,76.15,37.01,1.23,8,29608.88,986.96,40.0,-0.2086
TOST,Toast Inc,44.42,76.15,37.01,1.23,8,29608.88,986.96,40.0,-0.2086
MKL,Markel Group Inc,2009.23,76.15,37.01,1.23,8,29608.88,986.96,40.0,-0.2086
VIK,Viking Holdings Ltd,57.445,76.15,37.01,1.23,8,29608.88,986.96,40.0,-0.2086
ON,ON Semiconductor Corp,59.1,76.15,37.01,1.23,8,29608.88,986.96,40.0,-0.2086
DG,Dollar General Corporation,114.3587,76.15,37.01,1.23,8,29608.88,986.96,40.0,-0.2086
TDY,Teledyne Technologies Inc.,536.04,76.15,37.01,1.23,8,29608.88,986.96,40.0,-0.2086
EME,EMCOR Group Inc.,557.66,76.15,37.01,1.23,8,29608.88,986.96,40.0,-0.2086
ERIC,Telefonaktiebolaget LM Ericsson (publ),7.835,76.15,37.01,1.23,8,29608.88,986.96,40.0,-0.2086
SW,Smurfit Westrock Plc,46.41,76.15,37.01,1.23,8,29608.88,986.96,40.0,-0.2086
SBAC,SBA Communications Corp,232.55,76.15,37.01,1.23,8,29608.88,986.96,40.0,-0.2086
DRI,Darden Restaurants Inc,209.36,76.15,37.01,1.23,8,29608.88,986.96,40.0,-0.2086
NTRS,Northern Trust Corp,126.52,76.15,37.01,1.23,8,29608.88,986.96,40.0,-0.2086
UI,Ubiquiti Inc,411.99,76.15,37.01,1.23,8,29608.88,986.96,40.0,-0.2086
ATO,Atmos Energy Corp,155.67,76.15,37.01,1.23,8,29608.88,986.96,40.0,-0.2086
SHG,Shinhan Financial Group Co Ltd,51.24,76.15,37.01,1.23,8,29608.88,986.96,40.0,-0.2086
CHD,Church & Dwight Co Inc,97.001,76.15,37.01,1.23,8,29608.88,986.96,40.0,-0.2086
ES,Eversource Energy,65.275,76.15,37.01,1.23,8,29608.88,986.96,40.0,-0.2086
TPL,Texas Pacific Land Corp,1039.28,76.15,37.01,1.23,8,29608.88,986.96,40.0,-0.2086
PINS,Pinterest Inc,35.925,76.15,37.01,1.23,8,29608.88,986.96,40.0,-0.2086
GDDY,GoDaddy Inc,169.705,76.15,37.01,1.23,8,29608.88,986.96,40.0,-0.2086
HPQ,HP Inc,24.7583,76.15,37.01,1.23,8,29608.88,986.96,40.0,-0.2086
JBL,Jabil Inc,220.58,76.15,37.01,1.23,8,29608.88,986.96,40.0,-0.2086
TYL,Tyler Technologies Inc,561.805,76.15,37.01,1.23,8,29608.88,986.96,40.0,-0.2086
FTS,Fortis Inc,47.17,76.15,37.01,1.23,8,29608.88,986.96,40.0,-0.2086
AU,AngloGold Ashanti plc,47.85,76.15,37.01,1.23,8,29608.88,986.96,40.0,-0.2086
CNP,CenterPoint Energy Inc.,36.2,76.15,37.01,1.23,8,29608.88,986.96,40.0,-0.2086
